asset_id,value,name
player:9221,9999,Jahmyr Gibbs
player:9509,9999,Bijan Robinson
player:7564,9864,Ja'Marr Chase
player:9488,9367,Jaxon Smith-Njigba
player:9493,8476,Puka Nacua
player:7547,8217,Amon-Ra St. Brown
player:11604,8083,Brock Bowers
player:6794,7527,Justin Jefferson
player:12527,7525,Ashton Jeanty
player:11632,7492,Malik Nabers
player:4984,7474,Josh Allen
player:8130,7447,Trey McBride
player:13287,7425,Jeremiyah Love
player:6786,7396,CeeDee Lamb
player:12507,7346,Omarion Hampton
player:9226,7184,De'Von Achane
pick:2027:r1:early,7161,2027 Early 1st Pick
player:8138,7067,James Cook
player:6813,6998,Jonathan Taylor
player:8112,6891,Drake London
player:12517,6624,Colston Loveland
player:8137,6598,George Pickens
player:8151,6529,Kenneth Walker
player:12514,6428,Emeka Egbuka
player:12526,6412,Tetairoa McMillan
player:9224,6411,Chase Brown
player:7569,6307,Nico Collins
player:8144,6307,Chris Olave
player:11564,6251,Drake Maye
player:12518,6210,Tyler Warren
player:11635,6179,Ladd McConkey
player:8146,6178,Garrett Wilson
player:9997,6162,Zay Flowers
player:8155,6158,Breece Hall
player:4881,6142,Lamar Jackson
player:7525,6142,DeVonta Smith
pick:2027:r1:any,6133,2027 1st Pick
pick:2027:r1:mid,6133,2027 Mid 1st Pick
player:12519,6130,Luther Burden
player:4034,6058,Christian McCaffrey
player:11560,6001,Caleb Williams
player:13279,5979,Carnell Tate
player:13286,5974,Jadarian Price
player:4866,5946,Saquon Barkley
player:6770,5875,Joe Burrow
pick:2028:r1:early,5874,2028 Early 1st Pick
player:12512,5831,Quinshon Judkins
pick:2026:r1:early,5801,2026 Early 1st Pick
player:11566,5792,Jayden Daniels
player:6801,5779,Tee Higgins
player:7526,5772,Jaylen Waddle
player:11620,5738,Rome Odunze
player:5859,5722,A.J. Brown
player:8150,5714,Kyren Williams
player:10229,5697,Rashee Rice
player:7588,5683,Javonte Williams
player:9484,5599,Tucker Kraft
player:9487,5547,Parker Washington
pick:2027:r1:late,5524,2027 Late 1st Pick
player:8148,5515,Jameson Williams
player:13281,5452,Jordyn Tyson
player:12481,5420,Cam Skattebo
player:6797,5403,Justin Herbert
player:12529,5378,TreVeyon Henderson
player:11584,5356,Bucky Irving
player:3198,5320,Derrick Henry
player:6904,5319,Jalen Hurts
player:6790,5281,D'Andre Swift
player:11628,5270,Marvin Harrison
player:7543,5223,Travis Etienne
player:13294,5207,Makai Lemon
player:12508,5198,Jaxson Dart
player:12506,5168,Harold Fannin
player:12490,5167,Bhayshul Tuten
pick:2028:r1:any,5152,2028 1st Pick
pick:2028:r1:mid,5152,2028 Mid 1st Pick
player:13298,5148,KC Concepcion
player:7523,5138,Trevor Lawrence
pick:2026:r1:any,5090,2026 1st Pick
pick:2026:r1:mid,5090,2026 Mid 1st Pick
player:11631,5051,Brian Thomas
player:8167,5039,Christian Watson
player:10859,5009,Sam LaPorta
player:4046,4960,Patrick Mahomes
player:11563,4908,Bo Nix
player:7553,4884,Kyle Pitts
pick:2028:r1:late,4741,2028 Late 1st Pick
player:4983,4690,DJ Moore
player:8183,4657,Brock Purdy
player:5892,4625,David Montgomery
player:10232,4621,Michael Wilson
player:12501,4610,Matthew Golden
player:13417,4610,De'Zhaun Stribling
pick:2026:r1:late,4602,2026 Late 1st Pick
pick:2027:r2:early,4597,2027 Early 2nd Pick
player:3294,4589,Dak Prescott
player:9756,4572,Jordan Addison
player:8142,4567,Alec Pierce
player:11586,4520,Blake Corum
player:13346,4497,Denzel Boston
player:13269,4482,Fernando Mendoza
player:11583,4464,Jonathon Brooks
player:6804,4416,Jordan Love
player:13330,4394,Kenyon Sadiq
player:9754,4385,Quentin Johnston
player:9500,4355,Josh Downs
player:11646,4331,Jalen Coker
player:8131,4307,Isaiah Likely
player:7611,4301,Rhamondre Stevenson
player:2133,4233,Davante Adams
player:12534,4181,Kyle Monangai
pick:2027:r2:any,4180,2027 2nd Pick
pick:2027:r2:mid,4180,2027 Mid 2nd Pick
player:5846,4173,DK Metcalf
player:5927,4163,Terry McLaurin
player:8228,4130,Jaylen Warren
player:12545,4119,Tyler Shough
player:13345,4114,Jonah Coleman
player:12489,4104,RJ Harvey
player:10222,4100,Jayden Reed
player:10236,4087,Dalton Kincaid
player:8126,4085,Wan'Dale Robinson
pick:2026:r2:early,4072,2026 Early 2nd Pick
player:4892,4022,Baker Mayfield
player:12533,4017,Jacory Croskey-Merritt
player:9753,4004,Zach Charbonnet
player:2216,3994,Mike Evans
player:4217,3994,George Kittle
player:6819,3991,Michael Pittman
player:13311,3990,Chris Bell
player:13293,3987,Ja'Kobi Lane
player:7594,3982,Chuba Hubbard
player:3163,3973,Jared Goff
player:13414,3969,Kaelon Black
player:12522,3960,Cam Ward
pick:2028:r2:early,3937,2028 Early 2nd Pick
player:7021,3859,Rico Dowdle
player:4037,3849,Chris Godwin
pick:2027:r2:late,3847,2027 Late 2nd Pick
player:11581,3822,MarShawn Lloyd
player:13285,3818,Malachi Fields
player:11624,3807,Xavier Worthy
player:9758,3800,C.J. Stroud
pick:2026:r2:any,3793,2026 2nd Pick
pick:2026:r2:mid,3793,2026 Mid 2nd Pick
player:421,3773,Matthew Stafford
player:6806,3766,J.K. Dobbins
player:8408,3739,Jordan Mason
player:12484,3732,Jayden Higgins
pick:2028:r2:any,3721,2028 2nd Pick
pick:2028:r2:mid,3721,2028 Mid 2nd Pick
player:5045,3715,Courtland Sutton
player:5849,3700,Kyler Murray
player:12487,3696,Terrance Ferguson
player:8110,3679,Jake Ferguson
player:5850,3672,Josh Jacobs
player:13296,3615,Caleb Douglas
player:13301,3605,Antonio Williams
player:4943,3605,Sam Darnold
player:8121,3605,Romeo Doubs
player:9480,3603,Brenton Strange
pick:2026:r2:late,3599,2026 Late 2nd Pick
player:5947,3572,Jakobi Meyers
player:8132,3568,Tyler Allgeier
player:8161,3541,Malik Willis
player:12474,3534,Woody Marks
player:13349,3526,Eli Stowers
player:12493,3473,Oronde Gadsden
player:13337,3470,Emmett Johnson
player:8134,3470,Khalil Shakir
player:13274,3469,Germie Bernard
player:11618,3459,Jalen McMillan
player:13413,3459,Cyrus Allen
player:9504,3378,Kayshon Boutte
pick:2028:r2:late,3374,2028 Late 2nd Pick
player:13288,3369,Nicholas Singleton
player:5870,3367,Daniel Jones
player:5967,3357,Tony Pollard
player:2449,3334,Stefon Diggs
player:9228,3332,Bryce Young
player:10219,3329,Chris Rodriguez
player:13275,3312,Ty Simpson
player:12492,3294,Pat Bryant
player:5022,3288,Dallas Goedert
player:13320,3283,Zachariah Branch
player:8136,3280,Rachaad White
player:8676,3267,Rashid Shaheed
player:11610,3259,Malik Washington
player:9486,3234,Dontayvion Wicks
player:11625,3223,Adonai Mitchell
player:9511,3209,Keaton Mitchell
player:7002,3194,Juwan Johnson
player:13317,3192,Ted Hurst
player:11603,3191,AJ Barner
player:11576,3134,Braelon Allen
player:5012,3131,Mark Andrews
player:12469,3120,Dylan Sampson
player:12509,3119,Tre' Harris
player:9225,3097,Tank Bigsby
player:10213,3094,Tre Tucker
pick:2027:r3:early,3081,2027 Early 3rd Pick
player:11638,3064,Ricky Pearsall
player:9508,3055,Tyjae Spears
player:1466,3047,Travis Kelce
player:5844,3016,T.J. Hockenson
player:12535,2999,Isaac TeSlaa
player:12536,2974,Jaylin Noel
player:5872,2966,Deebo Samuel
pick:2027:r3:any,2938,2027 3rd Pick
pick:2027:r3:mid,2938,2027 Mid 3rd Pick
pick:2026:r3:early,2936,2026 Early 3rd Pick
player:13405,2929,Kaytron Allen
player:8180,2924,Jalen Nailor
player:12497,2914,Tory Horton
player:12502,2902,Gunnar Helm
player:9482,2898,Michael Mayer
player:13421,2891,Eli Raridon
player:13268,2888,Elijah Sarratt
player:4199,2875,Aaron Jones
player:12504,2858,Kaleb Johnson
player:11643,2834,Jaylen Wright
player:13347,2825,Demond Claiborne
player:11627,2822,Troy Franklin
player:9502,2812,Tank Dell
player:13402,2811,Skyler Bell
player:12547,2807,Kyle Williams
player:8154,2801,Brian Robinson
player:11637,2778,Keon Coleman
player:12498,2770,Mason Taylor
player:12483,2764,Jack Bech
player:3214,2763,Hunter Henry
player:12521,2758,Elijah Arroyo
player:12499,2754,Elic Ayomanor
pick:2027:r3:late,2744,2027 Late 3rd Pick
pick:2026:r3:any,2743,2026 3rd Pick
pick:2026:r3:mid,2743,2026 Mid 3rd Pick
pick:2028:r3:early,2728,2028 Early 3rd Pick
player:11559,2702,Michael Penix
player:5001,2701,Dalton Schultz
player:8172,2677,Greg Dulcich
player:7600,2659,Pat Freiermuth
player:9506,2653,Sean Tucker
player:12467,2648,Jordan James
player:8111,2637,Cade Otton
pick:2028:r3:any,2636,2028 3rd Pick
pick:2028:r3:mid,2636,2028 Mid 3rd Pick
player:6783,2635,Jerry Jeudy
pick:2026:r3:late,2632,2026 Late 3rd Pick
player:13278,2625,Max Klare
player:13411,2615,Zavion Thomas
player:11655,2611,Tyrone Tracy
player:12495,2610,Ollie Gordon
player:11647,2602,Kimani Vidal
player:12540,2591,Chimere Dike
player:13338,2579,Kevin Coleman
player:11783,2578,Ryan Flournoy
player:13319,2567,Oscar Delp
player:11575,2563,Ray Davis
player:7049,2562,Jauan Jennings
player:13302,2539,Adam Randall
player:9501,2535,DeMario Douglas
player:12544,2495,LeQuint Allen
player:7571,2487,Rashod Bateman
player:4033,2474,David Njoku
player:13420,2462,Bryce Lance
player:12485,2455,Tez Johnson
player:9494,2443,Marvin Mims
player:12641,2431,Jaylin Lane
player:12531,2430,Trevor Etienne
pick:2028:r3:late,2411,2028 Late 3rd Pick
player:11834,2398,Devaughn Vele
player:8205,2379,Isiah Pacheco
player:12503,2365,Isaiah Bond
player:8800,2360,Malik Davis
player:13424,2357,Seth McGowan
player:10218,2353,Xavier Hutchinson
player:6865,2348,Colby Parkinson
player:11597,2347,Theo Johnson
player:6826,2342,Cole Kmet
player:12541,2326,Dont'e Thornton
player:12471,2315,DJ Giddens
player:9757,2304,Kendre Miller
player:12048,2298,George Holani
player:4035,2286,Alvin Kamara
player:8698,2276,Jake Tonges
player:12524,2266,Shedeur Sanders
player:11571,2249,Isaiah Davis
pick:2027:r4:early,2248,2027 Early 4th Pick
player:7090,2243,Darnell Mooney
player:9479,2241,Darnell Washington
player:11370,2211,Chris Brooks
player:11626,2185,Xavier Legette
player:13533,2184,Barion Brown
pick:2027:r4:any,2163,2027 4th Pick
pick:2027:r4:mid,2163,2027 Mid 4th Pick
player:11589,2163,Trey Benson
player:11630,2162,Roman Wilson
player:12455,2150,Brashard Smith
pick:2026:r4:early,2146,2026 Early 4th Pick
player:1479,2134,Keenan Allen
player:13380,2131,Brenen Thompson
player:7528,2131,Najee Harris
player:12505,2110,Jalen Royals
player:3257,2108,Jacoby Brissett
player:12510,2104,Jalen Milroe
player:11600,2098,Ja'Tavion Sanders
player:13329,2089,Malik Benson
player:8188,2080,Tyquan Thornton
player:4039,2060,Cooper Kupp
player:13423,2052,Eli Heidenreich
pick:2028:r4:early,2049,2028 Early 4th Pick
player:8119,2043,Jahan Dotson
player:5906,2042,Dawson Knox
player:4066,2031,Evan Engram
player:11435,2029,Emanuel Wilson
player:6768,2022,Tua Tagovailoa
player:13400,2021,Justin Joly
player:10235,2011,Roschon Johnson
player:12543,1996,Tahj Brooks
player:12482,1994,Savion Williams
pick:2026:r4:any,1975,2026 4th Pick
pick:2026:r4:mid,1975,2026 Mid 4th Pick
player:4950,1975,Christian Kirk
player:8117,1970,Jalen Tolbert
player:10226,1939,Andrei Iosivas
player:7527,1939,Mac Jones
player:4981,1938,Calvin Ridley
player:5995,1936,Justice Hill
pick:2027:r4:late,1900,2027 Late 4th Pick
player:11577,1888,Will Shipley
player:11596,1888,Ben Sinnott
player:9229,1872,Anthony Richardson
player:11650,1864,Luke McCaffrey
pick:2028:r4:any,1861,2028 4th Pick
pick:2028:r4:mid,1861,2028 Mid 4th Pick
player:9481,1856,Luke Musgrave
player:11579,1853,Audric Estime
player:11592,1829,Erick All
player:11565,1824,J.J. McCarthy
pick:2026:r4:late,1820,2026 Late 4th Pick
player:11569,1820,Jarquez Hunter
player:7670,1820,Joshua Palmer
player:12523,1817,Jimmy Horn
player:8135,1808,Treylon Burks
player:7562,1804,Tutu Atwell
player:12476,1796,Devin Neal
player:4137,1787,James Conner
player:7591,1787,Justin Fields
player:12472,1734,Raheim Sanders
player:13333,1722,Deion Burks
player:8147,1720,John Metchie
player:7828,1712,Noah Gray
player:8127,1709,Charlie Kolar
player:11623,1708,Jordan Whittington
player:4993,1706,Mike Gesicki
player:12457,1699,Jaydon Blue
player:1373,1694,Geno Smith
player:12670,1685,KeAndre Lambert-Smith
player:11237,1660,Jacob Saylors
player:13307,1653,Marlin Klein
player:12496,1646,Tai Felton
player:11629,1597,Devontez Walker
pick:2028:r4:late,1577,2028 Late 4th Pick
player:13272,1576,Carson Beck
player:13079,1569,Jahdae Walker
player:5848,1568,Marquise Brown
player:12511,1566,Will Howard
player:11199,1557,Emari Demercado
player:6130,1557,Devin Singletary
player:11651,1556,Isaac Guerendo
player:5857,1553,Noah Fant
player:10444,1551,Cedric Tillman
player:4454,1545,Kendrick Bourne
player:13270,1542,CJ Daniels
player:96,1539,Aaron Rodgers
player:13303,1536,Cade Klubnik
player:6039,1521,Ty Johnson
player:12718,1520,Konata Mumpfield
player:6271,1518,Olamide Zaccheaus
player:12634,1514,Jordan Watkins
player:7587,1513,Dyami Brown
player:11994,1505,Kameron Johnson
player:7596,1500,Elijah Moore
player:8225,1496,Daniel Bellinger
player:7694,1494,Tommy Tremble
player:13477,1473,Colbie Young
player:11599,1472,Cade Stover
player:11617,1471,Malachi Corley
player:11616,1464,Jacob Cowing
player:3271,1451,Tyler Higbee
player:11557,1438,Joe Milton
player:9492,1438,Trey Palmer
player:2505,1436,Darren Waller
player:12542,1435,Efton Chism
player:12500,1432,Quinn Ewers
player:11570,1427,Rasheen Ali
player:11439,1417,Jaleel McLaughlin
player:13282,1395,Jack Endries
player:10225,1393,Jonathan Mingo
player:1166,1388,Kirk Cousins
player:9497,1385,Jalin Hyatt
player:8125,1375,Calvin Austin
player:12473,1361,Mitchell Evans
player:13401,1358,Michael Trigg
player:13348,1353,J'Mari Taylor
player:13404,1353,Garrett Nussmeier
player:6149,1339,Darius Slayton
player:12520,1335,Xavier Restrepo
player:4177,1324,Mack Hollins
player:5970,1319,Greg Dortch
player:12516,1307,Kalel Mullings
player:10871,1261,Luke Schoonmaker
player:3321,1259,Tyreek Hill
player:13408,1251,Tanner Koziol
player:11729,1244,Sione Vaki
player:10214,1241,Davis Allen
player:8917,1236,KaVontae Turpin
player:4147,1231,Samaje Perine
player:13322,1225,Sam Roush
player:8118,1222,David Bell
player:10231,1221,Elijah Higgins
player:11645,1211,Javon Baker
player:12470,1171,Riley Leonard
player:11562,1153,Spencer Rattler
player:6803,1144,Brandon Aiyuk
player:12539,1134,Arian Smith
player:7496,1134,Nick Westbrook-Ikhine
player:8129,1124,Dameon Pierce
player:12486,1122,Dillon Gabriel
player:8207,1112,Tyler Goodson
player:11595,1090,Jared Wiley
player:9227,1072,Israel Abanikanda
player:11895,1060,Mason Tipton
player:2306,1058,Jameis Winston
player:8208,1057,Tyler Badie
player:13300,1047,Le'Veon Moss
player:7568,1044,Brevin Jordan
player:8168,1040,Skyy Moore
player:4017,874,Deshaun Watson
player:3161,838,Carson Wentz
player:13425,783,Jalon Daniels
player:5854,630,Drew Lock
player:7083,610,Tyler Huntley
player:8162,589,Sam Howell
player:2307,579,Marcus Mariota
player:8160,565,Kenny Pickett
player:7610,554,Trey Lance
player:9230,472,Tanner McKee
player:6011,410,Gardner Minshew
player:13602,361,Jack Strand
player:13394,343,Josh Cameron
player:7585,298,Davis Mills
player:11256,292,Tyson Bagent
player:13289,280,Drew Allar
player:13306,205,Taylen Green
